{
    "passage_0": 0.0,
    "passage_1": 21.428571428571427,
    "passage_2": 50.0,
    "passage_3": 5.555555555555555,
    "passage_4": 54.54545454545454,
    "passage_5": 36.36363636363637,
    "passage_6": 0.0,
    "passage_7": 64.28571428571429,
    "passage_8": 56.25,
    "passage_9": 33.33333333333333,
    "passage_10": 75.0,
    "passage_11": 66.66666666666666,
    "passage_12": 28.57142857142857,
    "passage_13": 85.0,
    "passage_14": 50.0,
    "passage_15": 42.857142857142854,
    "passage_16": 8.333333333333332,
    "passage_17": 100.0,
    "passage_18": 35.714285714285715,
    "passage_19": 75.0,
    "passage_20": 45.0,
    "passage_21": 15.384615384615385,
    "passage_22": 80.0,
    "passage_23": 50.0,
    "passage_24": 16.666666666666664,
    "passage_25": 0.0,
    "passage_26": 88.88888888888889,
    "passage_27": 44.44444444444444,
    "passage_28": 81.81818181818183,
    "passage_29": 37.5,
    "passage_30": 6.25,
    "passage_31": 25.0,
    "passage_32": 43.75,
    "passage_33": 0.0,
    "passage_34": 50.0,
    "passage_35": 0.0,
    "passage_36": 59.09090909090909,
    "passage_37": 22.22222222222222,
    "passage_38": 71.42857142857143,
    "passage_39": 42.857142857142854,
    "passage_40": 100.0,
    "passage_41": 40.0,
    "passage_42": 66.66666666666666,
    "passage_43": 7.142857142857142,
    "passage_44": 36.36363636363637,
    "passage_45": 0.0,
    "passage_46": 50.0,
    "passage_47": 100.0,
    "passage_48": 81.25,
    "passage_49": 27.77777777777778,
    "passage_50": 50.0,
    "passage_51": 0.0,
    "passage_52": 90.0,
    "passage_53": 81.25,
    "passage_54": 83.33333333333334,
    "passage_55": 0.0,
    "passage_56": 0.0,
    "passage_57": 60.0,
    "passage_58": 0.0,
    "passage_59": 45.0,
    "passage_60": 75.0,
    "passage_61": 68.75,
    "passage_62": 83.33333333333334,
    "passage_63": 28.57142857142857,
    "passage_64": 35.714285714285715,
    "passage_65": 45.83333333333333,
    "passage_66": 0.0,
    "passage_67": 16.666666666666664,
    "passage_68": 30.0,
    "passage_69": 65.0,
    "passage_70": 44.44444444444444,
    "passage_71": 68.75,
    "passage_72": 83.33333333333334,
    "passage_73": 22.22222222222222,
    "passage_74": 100.0,
    "passage_75": 0.0,
    "passage_76": 0.0,
    "passage_77": 77.77777777777779,
    "passage_78": 55.55555555555556,
    "passage_79": 8.333333333333332,
    "passage_80": 60.0,
    "passage_81": 62.5,
    "passage_82": 41.66666666666667,
    "passage_83": 64.28571428571429,
    "passage_84": 10.0,
    "passage_85": 16.666666666666664,
    "passage_86": 60.0,
    "passage_87": 50.0,
    "passage_88": 75.0,
    "passage_89": 0.0,
    "passage_90": 75.0,
    "passage_91": 60.0,
    "passage_92": 44.44444444444444,
    "passage_93": 50.0,
    "passage_94": 83.33333333333334,
    "passage_95": 6.25,
    "passage_96": 41.66666666666667,
    "passage_97": 64.28571428571429,
    "passage_98": 43.75,
    "passage_99": 54.54545454545454,
    "passage_100": 56.25,
    "passage_101": 28.57142857142857,
    "passage_102": 91.66666666666666,
    "passage_103": 91.66666666666666,
    "passage_104": 83.33333333333334,
    "passage_105": 16.666666666666664,
    "passage_106": 81.25,
    "passage_107": 70.0,
    "passage_108": 90.0,
    "passage_109": 83.33333333333334,
    "passage_110": 40.909090909090914,
    "passage_111": 0.0,
    "passage_112": 59.09090909090909,
    "passage_113": 0.0,
    "passage_114": 0.0,
    "passage_115": 57.14285714285714,
    "passage_116": 16.666666666666664,
    "passage_117": 68.75,
    "passage_118": 16.666666666666664,
    "passage_119": 65.0,
    "passage_120": 62.5,
    "passage_121": 30.0,
    "passage_122": 31.818181818181817,
    "passage_123": 20.0,
    "passage_124": 11.11111111111111,
    "passage_125": 34.61538461538461,
    "passage_126": 92.85714285714286,
    "passage_127": 62.5,
    "passage_128": 35.714285714285715,
    "passage_129": 0.0,
    "passage_130": 31.818181818181817,
    "passage_131": 75.0,
    "passage_132": 16.666666666666664,
    "passage_133": 5.0,
    "passage_134": 75.0,
    "passage_135": 87.5,
    "passage_136": 37.5,
    "passage_137": 40.0,
    "passage_138": 90.0,
    "passage_139": 50.0,
    "passage_140": 35.714285714285715,
    "passage_141": 20.0,
    "passage_142": 83.33333333333334,
    "passage_143": 35.714285714285715,
    "passage_144": 35.714285714285715,
    "passage_145": 40.0,
    "passage_146": 81.25,
    "passage_147": 25.0,
    "passage_148": 63.63636363636363,
    "passage_149": 30.0,
    "passage_150": 8.333333333333332,
    "passage_151": 92.85714285714286,
    "passage_152": 0.0,
    "passage_153": 50.0,
    "passage_154": 0.0,
    "passage_155": 13.636363636363635,
    "passage_156": 33.33333333333333,
    "passage_157": 15.0,
    "passage_158": 60.0,
    "passage_159": 33.33333333333333,
    "passage_160": 60.0,
    "passage_161": 20.0,
    "passage_162": 68.18181818181817,
    "passage_163": 18.75,
    "passage_164": 56.25,
    "passage_165": 0.0,
    "passage_166": 100.0,
    "passage_167": 0.0,
    "passage_168": 0.0,
    "passage_169": 100.0,
    "passage_170": 64.28571428571429,
    "passage_171": 40.0,
    "passage_172": 37.5,
    "passage_173": 78.57142857142857,
    "passage_174": 77.77777777777779,
    "passage_175": 71.42857142857143,
    "passage_176": 100.0,
    "passage_177": 68.75,
    "passage_178": 50.0,
    "passage_179": 60.0,
    "passage_180": 0.0,
    "passage_181": 80.0,
    "passage_182": 100.0,
    "passage_183": 0.0,
    "passage_184": 0.0,
    "passage_185": 12.5,
    "passage_186": 25.0,
    "passage_187": 31.818181818181817,
    "passage_188": 80.0,
    "passage_189": 40.0,
    "passage_190": 78.57142857142857,
    "passage_191": 30.0,
    "passage_192": 37.5,
    "passage_193": 50.0,
    "passage_194": 50.0,
    "passage_195": 0.0,
    "passage_196": 43.75,
    "passage_197": 87.5,
    "passage_198": 95.83333333333334,
    "passage_199": 43.75,
    "passage_200": 68.75,
    "passage_201": 100.0,
    "passage_202": 22.22222222222222,
    "passage_203": 65.0,
    "passage_204": 0.0,
    "passage_205": 100.0,
    "passage_206": 55.00000000000001,
    "passage_207": 10.0,
    "passage_208": 0.0,
    "passage_209": 18.75,
    "passage_210": 33.33333333333333,
    "passage_211": 56.25,
    "passage_212": 81.25,
    "passage_213": 42.857142857142854,
    "passage_214": 55.00000000000001,
    "passage_215": 40.0,
    "passage_216": 65.0,
    "passage_217": 31.25,
    "passage_218": 0.0,
    "passage_219": 58.333333333333336,
    "passage_220": 100.0,
    "passage_221": 70.0,
    "passage_222": 33.33333333333333,
    "passage_223": 45.0,
    "passage_224": 92.85714285714286,
    "passage_225": 60.0,
    "passage_226": 75.0,
    "passage_227": 62.5,
    "passage_228": 45.0,
    "passage_229": 0.0,
    "passage_230": 44.44444444444444,
    "passage_231": 8.333333333333332,
    "passage_232": 66.66666666666666,
    "passage_233": 14.285714285714285,
    "passage_234": 100.0,
    "passage_235": 15.0,
    "passage_236": 0.0,
    "passage_237": 44.44444444444444
}